,coord_ra,coord_dec,g_psfMag,g_psfMagErr,i_psfMag,i_psfMagErr,r_psfMag,r_psfMagErr,detect_isIsolated,toros_id,star_id,toros_field_id,source_id,ra,dec,phot_g_mean_mag,phot_bp_mean_mag,phot_rp_mean_mag,teff_val,parallax,parallax_error,pmra,pmra_error,pmdec,pmdec_error,x,y,var_id,var_type,var_period,object_type,xcen,ycen,chip,master_mag,master_mag_er,master_flux,master_flux_er,master_sky
0,5.812358779620707,-72.13861033981782,21.149,0.0105578,24.1768,0.0464389,,,True,53298,53298,FIELD_0e.001,4689637544583084544,5.812406243020588,-72.13862631056976,19.20829,19.0393066,18.1250954,,0.7798462391757843,0.320315720395721,1.0670945115553596,0.921328342691576,-1.0235033634815258,0.6160750903865888,6323.27032818144,6283.0650188970385,--,--,0.0,Star,6322.953360012197,6283.027042385506,10,20.615552265382544,0.0104669231516122,17017.679828799643,193.39431529452696,73319.09871030677
1,5.775334291411437,-72.09252292957405,20.4718,0.00573776,,,,,True,43608,43608,FIELD_0e.001,4689638712812714880,5.775112674422651,-72.09250639567358,18.7508087,18.65547,17.7678146,,0.1694439408836365,0.226381343598895,5.075998171398745,0.5948944961759044,-2.111558879804892,0.3528016465781238,6656.895736953107,6369.866433996047,--,--,0.0,Star,6657.257904173004,6369.9244902573855,12,20.20510874406181,0.0078860695408359,24835.77731028905,212.6486742722097,83439.87248161212
2,5.813759001783296,-72.14343598573595,20.4347,0.0055751,24.5124,0.0541244,,,True,54111,54111,FIELD_0e.001,4689637544582588160,5.814242024627053,-72.14347976827932,18.1420784,17.9065571,17.0453339,,0.3157980354419972,0.1547277555966581,3.2812589490120887,0.3289785609241451,-1.619143879930076,0.2298416142053319,6288.109920858829,6278.601834332673,--,--,0.0,Star,6288.1484059714085,6278.918392484936,10,20.64707464334947,0.0107048876635393,16530.705824527708,192.1311718175033,41939.649267877496
3,6.406843508626008,-72.25226602410673,20.1229,0.00789747,19.2803,0.0021512,19.5418,0.00173809,True,163470,163470,FIELD_0e.001,4689575078544613248,6.406804935884903,-72.2522574749959,19.577055,19.9092,18.8635712,,0.0826537517887592,0.3459661103679664,4.5430713382040695,0.6223028766952019,-2.560236537784672,0.5448186872528835,5506.2239423474675,4959.492299489048,--,--,0.0,Star,5506.515581597018,4959.311595499885,9,28.741120339714637,13.751362836038416,9.564738894697763,142.8049232286267,3485.8919588402155
4,6.121857716544056,-72.25865280422968,20.428,0.00951091,19.545,0.0030064,19.9708,0.00272645,True,160666,160666,FIELD_0e.001,4689621709005035008,6.1218238096935345,-72.25864920699613,19.765873,20.01184,18.9243488,,0.403025520240958,0.3545146412010618,6.817283950408555,0.7203247110334198,-2.4982846518656454,0.6324047119080238,5458.063457636676,5589.570784038123,--,--,0.0,Star,5462.087449262684,5585.450383311321,10,26.967152605624513,2.6864466827484272,49.00723638405402,142.94295574047476,6767.235527567116
5,6.281685845796622,-72.63518745001195,20.0522,0.00763425,19.1503,0.00363738,19.4302,0.00400991,True,158412,158412,FIELD_0e.001,4689551271550338816,6.281678344949887,-72.6351842275747,19.4886971,19.8525181,18.8332138,,-0.6104488044037187,0.3114221221154467,1.75313067005096,0.6685340697316557,-1.0433020352955515,0.4746970154788665,2728.203336109842,5228.039436484924,--,--,0.0,Star,2728.0679987021063,5228.104334834113,5,26.422040479813973,1.6273192229841684,80.96644345277912,143.05470213485486,-257.4221365196711
6,4.700537943932396,-72.55962841784469,19.8191,0.00657353,,,,,True,157247,157247,FIELD_0e.001,4689587207535108352,4.700542444783616,-72.55962194678837,19.3716335,19.5715351,18.6794319,,0.4764537213315383,0.3174196739138302,1.0818776363304998,1.003354169979264,-1.3693545956277489,0.5414103831527505,3222.312091988142,8667.755968689336,--,--,0.0,Star,3221.915391755845,8668.161391942771,6,26.20960699261494,1.3387051887478314,98.46422289182686,143.1158467198203,-508.0285087486464
7,4.754968999674296,-72.55514218981945,19.7453,0.00612631,,,,,True,161199,161199,FIELD_0e.001,4689593083050371200,4.754957592074213,-72.55513961622346,19.2990417,19.7231827,18.677269,,0.032443614600657,0.2970019216783487,0.1278175945867719,0.5995671169927741,-1.2994948860862183,0.4480360837724455,3258.175030885724,8550.383082223547,--,--,0.0,Star,3257.945420778591,8550.196116652947,6,27.15724230735587,3.199856049886247,41.13621524777603,142.9154210527578,-703.4216280817575
8,4.888717707618224,-72.61708735259175,19.7076,0.00618979,,,,,True,161591,161591,FIELD_0e.001,4689544841972348800,4.888732674387259,-72.61706990971389,19.2355919,19.60692,18.6345177,,0.0729266795422644,0.2926569555179359,0.5797177706830553,0.6056887873362237,-1.5633744486319554,0.4174857180664447,2816.906249257431,8247.749501830938,--,--,0.0,Star,2816.9034817389384,8247.946384514673,6,27.31102340223112,3.686252792071313,35.70359058865429,142.89641335606686,-821.4429348624241
9,4.872317283335096,-72.58401366432433,20.5706,0.0113996,,,,,True,161754,161754,FIELD_0e.001,4689545872767141888,4.872274818500478,-72.58399528364866,19.918911,20.1781235,19.2011147,,-0.2072620931300336,0.4559000358754848,6.232737940434872,0.9550820031231858,-2.7207092610641497,0.655522846739589,3055.818964693239,8289.747689808752,--,--,0.0,Star,3055.925911774428,8290.078608456255,6,27.378809631622676,3.9235268125987983,33.54265243208077,142.88885195098794,1984.738992413545
10,5.099913454138199,-71.7775265045091,19.0895,0.00230352,18.4903,0.00185192,18.6559,0.00213844,True,139146,139146,FIELD_0e.001,4689828722130664576,5.0998663914822036,-71.77752214448944,18.6899338,18.984827,18.1639137,,0.4245468695745166,0.1881682780606932,4.682533852919466,0.3463138846152552,-2.4632542226942977,0.2764601908993229,8916.154065141469,7927.854368778884,--,--,0.0,Star,8916.18164351219,7927.990896002531,14,24.609157257923428,0.3090236194408245,429.98999599986325,144.26944013005365,2249.1983501393047
11,4.6761332054024765,-71.77485443073608,19.9856,0.00517755,19.1331,0.00525623,,,True,156466,156466,FIELD_0e.001,4689874901619334016,4.676114886773225,-71.77485370452558,19.4274769,19.73155,18.757206,,0.0357904709591474,0.2987464385584177,0.986664254677442,0.5209262159250889,-2.7959598818344755,0.4865349776319375,8910.802522893315,8889.653739941885,--,--,0.0,Star,8911.109790404982,8890.080166919002,14,26.099339261044538,1.209732684247388,108.98972337340794,143.15261465587236,-514.7445678761665
12,4.622180363982666,-71.81310960852764,19.7011,0.00423271,18.972,0.00467393,,,True,153631,153631,FIELD_0e.001,4689874523661901312,4.622184617547235,-71.81310678616141,19.2376175,19.5956917,18.5871181,,0.0066323108800694,0.2438165892665429,0.5668733760787997,0.432277558667766,-1.048033622606868,0.3973966614118809,8629.810873520659,9003.516007373168,--,--,0.0,Star,8630.16393604763,9003.93405186158,14,25.73912073603835,0.8690722986337275,151.87033827928215,143.30230876618336,-664.3843895690204
13,4.731417037653965,-71.81460983143319,19.748,0.00442905,18.8451,0.00236221,,,True,147446,147446,FIELD_0e.001,4689827656978764800,4.73136949509127,-71.81460413272836,19.1650925,19.605135,18.486948,,0.1520307562144065,0.2389472414873405,5.457198745375464,0.4279911040679903,-2.4671396848384415,0.394784932801727,8626.171933776717,8756.021882097382,--,--,0.0,Star,8626.147250073096,8756.030979195839,14,25.17574658642111,0.5185561368487983,255.16589101513088,143.66226801235737,-300.85332448429386
14,4.8465403681264,-71.6622176344993,20.2719,0.00646273,,,,,True,160039,160039,FIELD_0e.001,4689879574545253504,4.846551859134171,-71.662214722426,19.8071,20.2187786,19.09438,,-0.2383863340447819,0.4025816377132339,-0.5404297296387758,0.7890995247399895,-2.168516144826714,0.7313478884462907,9738.366934039605,8524.918066037844,--,--,0.0,Star,9738.175702052804,8525.266728243781,16,26.78460601055643,2.2711976237682943,57.98008537287403,142.97433841361934,-584.4537984201047
15,4.952896292930772,-71.71670857421664,19.9419,0.00499368,19.1218,0.00288609,,,True,149669,149669,FIELD_0e.001,4689875485734899712,4.952850291706384,-71.71670114443656,19.41949,19.8317089,18.742281,,-0.1502041391215592,0.3227011264381487,5.118731002522852,0.5886153177763026,-2.9355602994783703,0.5008442077587419,9349.415785068022,8272.412219175247,--,--,0.0,Star,9349.286867440054,8272.213771519415,16,25.355154295720656,0.6111524725414395,216.3015026156908,143.5269412412003,-335.6096844446425
16,5.039606283817255,-71.71333495284904,19.8489,0.00463631,18.5881,0.00174233,,,True,147001,147001,FIELD_0e.001,4689876791404656384,5.039232977443118,-71.71330192405877,19.03053,19.6428413,18.2293568,,0.6333406982767636,0.2362413090539565,44.39875994946248,0.4408503996255885,-12.593663270645475,0.3661592057151545,9378.766321210454,8076.4047301429,--,--,0.0,Star,9378.964564302663,8076.047826082998,16,25.141277632777843,0.5024522292908846,263.3966224076128,143.6909112708486,-243.74904490341217
17,4.781317844708432,-71.74987359639303,19.3294,0.00329071,18.6652,0.00210206,,,True,144873,144873,FIELD_0e.001,4689875313935901056,4.781281883087715,-71.74986392529054,18.9015827,19.235487,18.3360271,,0.469653306510489,0.2030954094702823,5.661365772248033,0.3706651161622985,-3.5365317850345503,0.3326202807538623,9098.772567373737,8656.135737022938,--,--,0.0,Star,9099.118154781205,8656.07511256728,14,24.98246457328832,0.4345156752330164,304.88455584028065,143.83520401932049,-469.09142511852747
18,4.670027917109422,-71.70600857957072,19.6912,0.00590965,19.0366,0.00497381,,,True,148791,148791,FIELD_0e.001,4689879024787951488,4.670024662426148,-71.70600659523045,19.2336979,19.6163769,18.5933914,,-0.2909148301218793,0.261282068040417,0.5063247373049964,0.4941509210117482,-1.3450249493342232,0.4237025772959345,9409.610166609493,8918.329114078337,--,--,0.0,Star,9410.027676927106,8918.200836461889,16,25.28394241320103,0.5725577855557912,230.9639984463136,143.5780114010693,-349.7843924568245
19,4.7968865039336235,-71.71173989849576,19.6164,0.00399139,18.8789,0.00297846,,,True,152245,152245,FIELD_0e.001,4689876207289104640,4.796878156117153,-71.7117378478374,19.13545,19.5119438,18.5188942,,-0.0510291492858956,0.2508018992288534,0.2904478712444863,0.5099951660270352,-1.134067988415016,0.4124643740625077,9376.210414269766,8628.352779049814,--,--,0.0,Star,9376.153682888296,8628.133388034392,16,25.597085466965662,0.7628973887316375,173.09601429420968,143.3763487250721,-472.4609231876616
20,5.099687788874522,-71.71314777841779,21.0111,0.0112597,19.872,0.00433606,,,True,155836,155836,FIELD_0e.001,4689829894660096384,5.099644265364788,-71.7131407661927,20.29301,20.6720734,19.5240078,,-0.0762238650850984,0.6270932551501863,6.02098807370317,1.208383824094699,0.0364877392535439,0.8936572529527301,9383.054492494251,7938.918690031608,--,--,0.0,Star,9383.358618866929,7939.377968166454,16,26.001316989360255,1.1055785286126387,119.28736874657912,143.18857750597934,580.5122751468573
21,4.95658556215307,-71.6271856756952,19.0121,0.00366344,18.3296,0.00291126,,,True,137655,137655,FIELD_0e.001,4689881155094357248,4.956573068736985,-71.62718404474835,18.5714569,18.9529686,17.995697,,-0.2008699582333727,0.1674870117723816,0.9373810490138884,0.3159774999682052,-1.13020031059903,0.2554514028078842,9998.808247225992,8280.16833452792,--,--,0.0,Star,9999.136340315868,8280.06429129225,16,24.51866949584304,0.284568038276292,467.36206269175034,144.39890381208238,266.4230157781342
22,5.03786619169875,-71.62678832889192,18.2006,0.00226362,17.7072,0.00145045,,,True,120046,120046,FIELD_0e.001,4689881120734617728,5.037824047075587,-71.62678366096921,17.8589859,18.151825,17.3779488,,0.2619279964891616,0.1180337438050744,5.488769584656327,0.2056021612186691,-2.345354419696085,0.1637599107230781,10006.148036093646,8094.44869693188,--,--,0.0,Star,10006.22454108193,8094.176072679913,16,23.542584059561925,0.1176876543969669,1148.3853165448256,146.73808870223198,-261.8287184593626
23,5.030359474167212,-71.62788376944778,20.6035,0.011278,19.8663,0.00599187,,,True,147144,147144,FIELD_0e.001,4689881120733509248,5.030362727125212,-71.62788036457752,20.1742535,20.16809,19.559248,,-0.2563471486790653,0.6161398247011036,1.1440783699249468,1.1445543241811689,-1.0614201010094282,1.019589713353797,9997.797366669924,8111.321261056501,--,--,0.0,Star,9998.288328235854,8111.469578355078,16,25.1511906814971,0.5070313563695584,261.00268924499136,143.68258088120584,2172.3855025246667
24,4.96451096264368,-71.62938080889919,18.7269,0.00309345,18.1728,0.00264342,,,True,130337,130337,FIELD_0e.001,4689881155094354432,4.964464387765241,-71.62937582081943,18.3476868,18.7130032,17.8198357,,0.5019124671517449,0.1556101829470559,4.767461883128005,0.2908398055742044,-2.5057767886340367,0.2308679753078352,9983.354837663865,8261.729045324879,--,--,0.0,Star,9983.21878173518,8262.002547762562,16,24.087955477717287,0.1924232660414689,694.9268047542514,145.18473805532562,-246.195350546452
25,4.960344007624463,-71.62221196629261,20.0181,0.00721217,19.2301,0.00522556,,,True,163417,163417,FIELD_0e.001,4689881155093249152,4.960330702738712,-71.62221024133397,19.5207329,19.8953762,18.90344,,-0.6369727793724971,0.3269796089616102,1.0926397557420282,0.6194739200535876,-0.6876091134419169,0.5069739695466201,10035.08995034576,8272.475707404452,--,--,0.0,Star,10035.229968257858,8272.0931900165,16,28.66584605378654,12.830492828690645,10.251391823167664,142.80732737245114,-559.9976871059876
26,5.036315658390698,-71.61956115094488,19.5951,0.00538366,18.8865,0.00296649,,,True,151461,151461,FIELD_0e.001,4689881120734623232,5.036312480463601,-71.61955851985738,19.1387444,19.5281811,18.5943356,,0.1817006068826919,0.2666568902911162,0.2340729023383288,0.4909388317984958,-0.924980904022994,0.3803898549839782,10058.467521380047,8099.14553210769,--,--,0.0,Star,10058.287447978524,8099.08397100988,16,25.52031195787426,0.7110344725929477,185.77893614013703,143.42057138213963,-498.1033322263215
27,5.039195795572453,-71.60048699428599,20.5022,0.0104267,19.6771,0.00723849,,,True,160235,160235,FIELD_0e.001,4689881395611430144,5.039198587523442,-71.60048363112507,19.99981,20.3305416,19.29218,,-0.0015650207196597,0.5448959635775271,2.12135840886599,0.9621560634266,-1.5496148495931268,0.7518221857675902,10196.960606408236,8095.811451095556,--,--,0.0,Star,10197.155243047144,8096.060582795318,16,26.82873939590929,2.3652864518182337,55.67054799947845,142.9662614305863,-178.35293460163246
28,5.002112804761193,-71.6013525570815,19.7282,0.00590407,18.8487,0.00403255,,,True,154739,154739,FIELD_0e.001,4689881395612550528,5.0021160825374125,-71.60134848245227,19.1658459,19.662138,18.4901962,,0.1296503756336046,0.29258613700252,1.8103798863279856,0.5644591550154652,-1.2882817318648556,0.3960142848218794,10188.694047500216,8180.572315391528,--,--,0.0,Star,10189.141540725515,8180.895168915984,16,25.865858190039127,0.9762788637019076,135.1381529352944,143.2439161443674,-445.78229254823873
29,4.967875457153184,-71.60154325159995,18.8176,0.00326055,18.2665,0.00279471,,,True,135617,135617,FIELD_0e.001,4689881429972289408,4.967834574024039,-71.60153766327767,18.4461422,18.7509289,17.9277725,,0.128138631421442,0.1735453295935358,5.115383463448882,0.3258205966335899,-2.819724313789272,0.2468716675024953,10185.432075940333,8259.032757456329,--,--,0.0,Star,10185.248151667654,8259.092084469487,16,24.397411962046046,0.2548340426690204,522.5844345560108,144.58999202571138,-574.1828621846081
30,4.984332873069753,-71.60191423817203,19.059,0.00382158,17.6878,0.00201064,,,True,132372,132372,FIELD_0e.001,4689881434267054720,4.984351231448939,-71.60193745924131,18.1417828,18.7995987,17.3361721,,0.6403045319700144,0.1438292384287619,-2.0547487659027786,0.2702202129182648,8.32924420902537,0.2044645992316424,10183.448756190215,8221.14387316159,--,--,0.0,Star,10183.32803532195,8221.085184208576,16,24.202497019120106,0.2134795295631262,625.3489818173589,144.9449217504933,-410.4707395983062
31,5.02118563911495,-71.60319828152039,19.5748,0.00533432,18.884,0.00412695,,,True,134460,134460,FIELD_0e.001,4689881395612547712,5.021167336209212,-71.60318448903149,19.13347,19.4732952,18.5239182,,0.5683127312617325,0.2728253848151661,2.076752401969333,0.4938256322146089,-4.097342113648169,0.3822968198315651,10176.409586569893,8136.631621935996,--,--,0.0,Star,10176.256944441837,8137.152130617933,16,24.32519474088265,0.2386401695417569,558.5259531340131,144.71422636552802,2596.274162417207
32,4.983694729646083,-71.59243112338659,20.4326,0.00993085,19.7806,0.00785395,,,True,162685,162685,FIELD_0e.001,4689881429971171200,4.983700698206832,-71.5924274419902,20.0677643,20.19001,19.43495,,0.8598151700452819,0.5363256648762356,0.8569581235015301,1.1136814102109502,0.0623124779902155,0.8606272153139805,10252.382811582109,8224.32633267057,--,--,0.0,Star,10252.23833815311,8224.345640882797,16,27.893049425690258,6.298511325935284,20.888222477259724,142.84456441151875,-465.1422226557337
33,5.0474790001669465,-71.5977757764922,19.3088,0.00445592,18.428,0.0030918,,,True,142244,142244,FIELD_0e.001,4689881395612552704,5.047484395380689,-71.59777120655012,18.74116,19.2018547,18.1224861,,-0.276778823415495,0.2195620213054459,0.6958728710664598,0.4161429696070849,-0.8758775409045698,0.3106220924958739,10217.070994298536,8077.300146544833,--,--,0.0,Star,10217.20424610281,8077.105370181244,16,24.80386595374597,0.3690943646931066,359.39735222369615,144.02457676265868,-164.96959605111303
34,4.938840287793459,-71.63417840267935,18.4583,0.00265047,17.3943,0.00171154,,,True,117794,117794,FIELD_0e.001,4689879677625601152,4.9388285334699,-71.63417619600995,17.7554188,18.3461227,17.0483379,,-0.1583229329304996,0.0985050169685544,0.4208965538765712,0.2035936527967217,-1.170980068639654,0.1512807077172448,9947.098231114343,8319.459637242564,--,--,0.0,Star,9947.215846616671,8319.159622629675,16,23.426936282067494,0.1061132435220601,1277.458327958756,147.17723902627753,1887.222836281372
35,5.0250072503947525,-71.63569383288878,19.1117,0.00389879,18.5105,0.00232408,,,True,136246,136246,FIELD_0e.001,4689878165797109376,5.024962802670485,-71.63568815617914,18.7257729,19.0344372,18.20295,,0.0807538199813472,0.2044664076304628,5.444478103816067,0.3632641370555369,-2.8022003934448594,0.2963403103092194,9940.883854960271,8122.317323641055,--,--,0.0,Star,9941.145542081877,8122.0763530173235,16,24.437180454588365,0.2642223404552012,503.7894550029832,144.52498335734984,-191.9430183447623
36,5.122443647899405,-71.63086666928358,19.8164,0.00628217,19.0581,0.00332804,,,True,149856,149856,FIELD_0e.001,4689878234515486848,5.12244654678902,-71.63086387243587,19.33143,19.738802,18.7310753,,0.1420662883025959,0.3180506904880379,0.102302477439984,0.5828960168540849,-1.8526080155346376,0.4380430946529252,9980.910246146075,7900.283193667739,--,--,0.0,Star,9981.0871150177,7900.09224145699,16,25.370389781463913,0.6197435189428688,213.28746972263983,143.51644097162497,-477.4377971846482
37,4.897366756735029,-71.64003690151236,20.4457,0.00984414,18.5339,0.00329638,,,True,163879,163879,FIELD_0e.001,4689879681917857664,4.897217580831607,-71.64003950098413,19.1474876,19.9430923,18.153511,,0.5654006745211636,0.2639516649846707,17.080267240131484,0.4831749637762829,1.902803731993897,0.409027346183034,9902.18187788995,8413.46431892322,--,--,0.0,Star,9902.310775796666,8413.242045991807,16,29.62305434038466,30.978664543489906,4.245213323335805,142.78629686620002,-692.5899357691283
38,4.909610062749884,-71.63693850655363,19.0369,0.00368219,18.2381,0.00275035,,,True,137613,137613,FIELD_0e.001,4689879677625599104,4.9095402537654005,-71.63691273524626,18.5131512,18.939558,17.9003258,,0.441501527980214,0.1783206211405581,7.137726365129997,0.3262947939288492,-10.07149983845008,0.2751670242351461,9925.573340703426,8385.892002923036,--,--,0.0,Star,9926.069811991714,8386.057244124699,16,24.51643936595855,0.2839906720490893,468.32302288125777,144.40223122348397,-660.648277742451
39,5.077601527602916,-71.6379714048335,20.257,0.00861898,17.9503,0.00166138,,,True,143750,143750,FIELD_0e.001,4689878204451663360,5.077485457557993,-71.6379697011056,18.677496,19.6194382,17.5828342,,1.336775483400536,0.2169465774403687,14.621294667184117,0.4109968719075029,-0.114437541295073,0.3061771265331399,9927.095918005776,8001.890318686515,--,--,0.0,Star,9927.181988813838,8002.070629237497,16,24.903620419473963,0.4043045993159588,327.8484138989381,143.91500885362237,1641.0310128631918
40,4.784892636670433,-71.60783271557155,19.0734,0.00382142,,,,,True,134766,134766,FIELD_0e.001,4689880850151523456,4.7849798102677585,-71.60780108495214,18.2744942,18.8509235,17.50608,,0.3333891430077268,0.150499959868017,-9.086890010822565,0.2750638454799208,-11.66155854482144,0.2308386529335723,10129.17788594711,8676.429221323751,--,--,0.0,Star,10129.179165501013,8676.194692622013,16,24.34507104861036,0.2429903303167528,548.3941777470998,144.6792159820697,-455.2406423957465
41,4.865632586469219,-71.6090143430607,17.3995,0.00151471,,,,,True,102368,102368,FIELD_0e.001,4689880678352825088,4.865580778510368,-71.60901174953011,17.1787853,17.4144249,16.7830029,,0.1398149668928726,0.0736506566615429,5.091997440165235,0.139898723308093,-2.5749286993078497,0.1157494416742257,10125.32817397796,8491.71824581255,--,--,0.0,Star,10125.267294183715,8492.054986199726,16,22.70266224573557,0.055960240888217,2489.180306965799,151.2377653445232,-428.061460403771
42,4.907509969626826,-71.61132272313512,19.4352,0.00479657,,,,,True,149758,149758,FIELD_0e.001,4689879952503531520,4.90751598213121,-71.61131738776213,18.8729019,19.3506851,18.2305641,,-0.0940878680427801,0.2435106605140738,0.353603728213497,0.4350069945619507,-0.9453954737620563,0.3589289621166411,10111.074936347348,8395.309777657569,--,--,0.0,Star,10111.21965567729,8395.181333196528,16,25.363027739829512,0.6155771287185174,214.73862047608463,143.5214965777439,-759.709175421153
43,4.932812232510657,-71.58064338057525,19.6677,0.00565892,,,,,True,153289,153289,FIELD_0e.001,4689882254606029824,4.932804988987221,-71.58064281541618,19.1327286,19.58824,18.48022,,0.3801567701843059,0.2544564945933832,0.2231877501789244,0.5064178454814472,-0.660952938133944,0.3805478664244396,10334.988911440963,8343.086251105397,--,--,0.0,Star,10335.229353436964,8343.135170183265,16,25.701980824529596,0.839954612401977,157.1552612439015,143.3207473490254,-763.0777391648153
44,4.894023163122474,-71.58453833942583,17.5813,0.00167345,,,,,True,101405,101405,FIELD_0e.001,4689880987590452608,4.893981281675894,-71.58452008655256,17.00773,17.49084,16.3772717,4976.33643,0.5847631032122439,0.068489961647891,5.780893655204279,0.1284894613858218,-6.624996406993018,0.1146958678025019,10304.622345023916,8431.343381525361,--,--,0.0,Star,10305.101985632517,8431.11920135731,16,22.662819333961544,0.0540535127190718,2582.2216684084124,151.54505279898677,-367.2822421769068
45,4.808788501813879,-71.58513960258377,19.9226,0.00677478,,,,,True,155541,155541,FIELD_0e.001,4689880914576232192,4.808783949777724,-71.58513965684354,19.88119,20.003582,18.857029,,0.782349492145684,0.6555442711503646,-1.4600571509427245,1.1275468981444663,0.3873115098438708,0.9265707841689448,10294.996483924886,8626.459538083946,J001914.39-713505.7,AGN,0.0,Xray,10295.114651619811,8626.147028440386,16,25.96456655866052,1.0688897543195486,123.39416720692893,143.2029173119256,-558.0837103101669
46,4.890544961527992,-71.59930433079033,19.9205,0.00674376,,,,,True,151064,151064,FIELD_0e.001,4689880777136136576,4.8905372477787825,-71.59930029250299,19.5206356,19.8003464,18.9407921,,-0.9789978522393163,0.3748104300804211,1.622737206308395,0.6958310311676973,-0.9158817633563248,0.5464970397555882,10197.232719081872,8436.43866499537,--,--,0.0,Star,10197.236146476956,8436.091193247086,16,25.483277103744275,0.6872974881976747,192.22524062571335,143.44304305216403,-323.17611607593165
47,4.765207608532857,-71.63567413166987,19.9036,0.00661212,,,,,True,161679,161679,FIELD_0e.001,4689880536617942912,4.765210588679262,-71.6356701110292,19.430624,19.7239571,18.7539082,,0.1400242459985601,0.3714603470828378,0.9338480017466342,0.6854198051876759,-1.5590138089471322,0.5560773405317947,9925.83523968254,8715.980255628216,--,--,0.0,Star,9926.061326231262,8716.044989396258,16,27.3479303445352,3.8136005494463103,34.51033037479227,142.89223803207108,-400.4953565568084
48,5.059113141939037,-71.56503573786443,20.1799,0.00820981,19.5152,0.00648876,,,True,159698,159698,FIELD_0e.001,4689882323325888384,5.059123240068964,-71.56503116333988,19.7543278,20.2365932,19.2197132,,-0.0512136964238317,0.4714093377312291,-0.4412983740255594,0.8078912366915697,-1.1570450880879772,0.6235096534126718,10455.132949636773,8056.175599198114,--,--,0.0,Star,10455.179539386412,8056.187821015118,16,26.701432488915177,2.1039457982544763,62.59624175063421,142.9904808062058,-434.06672113239904
49,5.002554506415711,-71.5644624409889,19.872,0.00655445,20.1727,0.0107435,,,True,154000,154000,FIELD_0e.001,4689882288966149760,5.002558553700176,-71.56445715245604,19.9756966,19.86346,19.861536,,-0.0623472516024623,0.5232002452750818,1.251977658167263,1.016763616624226,-1.0843192029147772,0.7482942974030562,10456.270327688411,8186.042732364072,--,--,0.0,Star,10456.210058083294,8185.999291280287,16,25.777702234921595,0.9003936753511227,146.56840466012207,143.28380845056915,-13.76930423972841
50,4.884449658515929,-71.56674675236548,20.2161,0.00845427,,,,,True,158869,158869,FIELD_0e.001,4689881052015567104,4.884439701716908,-71.56674395924873,19.7090149,20.0541668,19.075304,,-0.2386165379443995,0.4194516286941946,-0.4339479898819022,0.7704718945842718,-0.2516701445669711,0.653363175359603,10432.975917180833,8456.586675711731,--,--,0.0,Star,10433.131873507642,8457.062500809458,16,26.511904514641152,1.7674621138585145,74.534861510861,143.03222091875008,-175.23842134475868
51,4.945121250904807,-71.56563814070597,20.2118,0.00845422,,,,,True,157206,157206,FIELD_0e.001,4689882460764840704,4.945065940337004,-71.56563196872794,19.6537266,20.06778,18.9982738,,0.4806113266589041,0.3863427948792524,4.864833923149824,0.7230848424900725,-2.8291291059627595,0.5556328547722141,10444.550295975056,8317.724381859349,--,--,0.0,Star,10444.950187837834,8317.97479385759,16,26.20280409526844,1.3303635854851572,99.08310702037193,143.11800888238923,-427.3025359143172
52,4.898145126850852,-71.5694894456294,18.6526,0.00297444,,,,,True,124838,124838,FIELD_0e.001,4689881052015300224,4.898134714248962,-71.56948721941289,18.0695267,18.5474949,17.4251614,,0.0054599508312411,0.1368749333297454,0.9656543091879584,0.2506956144102951,-1.086274324979892,0.2260251847694176,10413.886328747843,8424.656450214703,--,--,0.0,Star,10414.188121450508,8425.024988874038,16,23.792110955617993,0.1472823206687707,912.5924520962436,145.93242892357927,-397.9205472182158
53,4.461294439639732,-71.69215898530076,19.8154,0.00634616,,,,,True,149981,149981,FIELD_0e.001,4689874184362405888,4.461111827782829,-71.69217112297864,17.917778,19.4293613,16.7139187,,2.868497015742469,0.1131262780668366,24.64235241391518,0.2065722205661893,8.676791014903085,0.1719732948073087,9495.160384547897,9397.29266338148,--,--,0.0,Star,9495.186267911711,9397.016184274788,16,25.380036345692236,0.6252457213266329,211.4008437974512,143.50986796466898,-493.82660989440154
54,4.57067925393746,-71.81157076492461,20.9994,0.0156692,20.1773,0.0117415,,,True,163933,163933,FIELD_0e.001,4689874558022712192,4.570686010530781,-71.81156793381129,20.4989262,20.6740036,19.7260857,,0.8238535224754606,0.6201023010207809,0.8300421806264519,1.1699719653063048,-1.7455930802388198,1.332131967565496,8637.408420602807,9120.449346934316,--,--,0.0,Star,8637.197296895642,9120.056928434153,14,29.84369106060111,37.958501993025166,3.4645340218600156,142.78356310675656,1066.592797126748
55,4.603811444031233,-71.80909722858618,18.2909,0.00241727,17.7853,0.00216967,,,True,123724,123724,FIELD_0e.001,4689874523662802816,4.603774413356141,-71.8090918278307,17.9476566,18.25394,17.42574,,0.1695542161565633,0.1066411294887806,5.202316943954991,0.2022319964726431,-2.829535025783074,0.1697974759846812,8657.660708547144,9046.092051470345,--,--,0.0,Star,8658.024310162944,9046.066574104238,14,23.734728009424757,0.139862690733401,962.1217907742068,146.1020299318715,-746.7175888383074
56,4.5868861158513115,-71.7443515060453,20.2655,0.00877325,19.4183,0.00653222,,,True,163663,163663,FIELD_0e.001,4689875902349374592,4.586870279069877,-71.7443507773989,19.7097969,20.0369568,19.0256157,,-0.2784534161783248,0.3475801009617402,0.6634319895686029,0.65179968568076,-1.9510510941000896,0.5704660821090285,9125.906542950544,9098.990345868033,--,--,0.0,Star,9126.22699809947,9099.13303095546,14,29.085907419385354,18.8900393048164,6.962389041684233,142.79581138283066,-497.73805216005655
57,4.505199092901389,-71.75934764861924,19.7272,0.00586413,19.0025,0.00483341,,,True,149401,149401,FIELD_0e.001,4689869988177349888,4.505200359963768,-71.75934233712418,19.25615,19.742939,18.59362,,-0.3016385636529432,0.2633170947366167,0.7091831008729218,0.4551732662637195,-1.0334573856178118,0.4269632849019953,9011.39137353579,9281.014182697509,--,--,0.0,Star,9011.18476521011,9281.05881416574,14,25.331501994038582,0.5980518826154094,221.06523849103843,143.5435355490811,-505.7455983056602
58,4.453467185790198,-71.73217564810531,18.5115,0.00274578,17.4328,0.00182162,,,True,120412,120412,FIELD_0e.001,4689873046194073856,4.453465460331601,-71.73217188799457,17.7953415,18.3302288,17.08743,,0.0194814773852083,0.1033012953905077,0.1068783703871298,0.1893926613152932,-1.3083474917702484,0.1638409773227435,9204.569954277906,9405.034689267342,--,--,0.0,Star,9205.03923828814,9405.080605115028,14,23.55995356070001,0.1195349289792024,1130.1597353090085,146.6759731338036,-443.8248040857208
59,4.4884588927617335,-71.84575828803253,19.735,0.00596379,19.0597,0.00498591,,,True,151956,151956,FIELD_0e.001,4689821644025446912,4.488457618449809,-71.84575759831425,19.3187122,19.55896,18.6882172,,0.4247066050439912,0.2674666973989241,0.4218030183810854,0.477204708291732,-1.5273386435095022,0.4246089757037478,8383.635373828602,9298.480163751336,--,--,0.0,Star,8383.966133995298,9298.09159335921,14,25.56817796909532,0.7429378077708484,177.7665594725366,143.39263551142298,-478.93172955760207
60,4.513993394475797,-71.87373016933924,20.9177,0.0144159,18.6802,0.00262068,,,True,154241,154241,FIELD_0e.001,4689821407804523904,4.513819716063999,-71.87372717846429,19.3798313,20.3841228,18.2854977,,0.7841742002440557,0.307157790675889,19.59664974065862,0.5035605165416964,-0.7484260466028962,0.4843096715150918,8182.690095998792,9234.604269506848,--,--,0.0,Star,8182.912072102034,9235.056774213035,14,25.80796702002699,0.925754281677159,142.53924257360023,143.26974768600965,1438.7168861332173
61,4.46749667183852,-71.87680577570502,20.5491,0.0107414,19.5612,0.00718469,,,True,163181,163181,FIELD_0e.001,4689821369147704064,4.467452247133799,-71.87679991724251,19.9395885,20.2622986,19.1332455,,0.0867370153396594,0.3972616348410289,6.620449113167977,0.7300025616009614,-2.772697060238783,0.6777540006513822,8157.033530462662,9338.48884595038,--,--,0.0,Star,8157.058924282715,9338.161636504525,14,28.36596809091859,9.73479640135086,13.51244746125593,142.81874459222965,-498.88692013275744
62,4.5453998456198175,-71.83212476205478,20.1471,0.00801558,19.3033,0.00591368,,,True,162665,162665,FIELD_0e.001,4689868613787968768,4.545357478824525,-71.83212433571022,19.616003,19.8791656,18.8831367,,0.0977541932825778,0.3155564104156093,5.210178178978219,0.5816647799508667,-3.452290270826656,0.5741448162520124,8486.578287435248,9173.046157763423,--,--,0.0,Star,8487.031527212488,9173.20014915438,14,27.880260088031463,6.224791561125397,21.1357284002866,142.8454307559033,-870.4030333121704
63,4.522271008578909,-71.83777622293104,19.1089,0.00388915,18.0731,0.00259376,,,True,130801,130801,FIELD_0e.001,4689821678385186688,4.52227072899337,-71.83777365684236,18.4315815,18.8851948,17.721262,,-0.2230757008126939,0.1510805363132442,0.499355370361609,0.2517361117262044,-0.8939250783693133,0.2661746174657159,8443.970325043729,9223.935656123394,--,--,0.0,Star,8444.122115805456,9224.146567750631,14,24.11349791887018,0.1969282590829613,678.7691370661556,145.12908218722197,444.680167903553
64,4.55367097029556,-71.8397093317848,20.0368,0.00741534,19.1612,0.00533786,,,True,157766,157766,FIELD_0e.001,4689827553900617728,4.553669205164698,-71.83970709958719,19.4869175,19.8884029,18.7539711,,-0.0301789434966318,0.3025458399162793,0.0997434418648802,0.5146125685406715,-1.3533831248949206,0.4783863265881325,8432.188664323123,9152.5065209819,--,--,0.0,Star,8432.162724972268,9153.1153996183,14,26.29552086048646,1.4486753148161555,90.97308251742562,143.0896727299238,275.0167954342796
65,4.659846282897876,-71.8704244775458,20.2884,0.00648945,19.4126,0.0035342,,,True,162031,162031,FIELD_0e.001,4689826420028441344,4.659842514973467,-71.87042008761172,19.7340565,20.11727,18.9914646,,-0.3806370558597575,0.3604574607771719,1.9487149234283343,0.6398890971956732,-0.2665285088892581,0.5945483258055709,8216.784842053763,8905.823857264633,--,--,0.0,Star,8217.085415514173,8906.164108861934,14,27.504091437524423,4.403018049388761,29.887162143347748,142.87606000160633,-622.9010587711648
66,5.082381822525665,-71.90943494060093,19.5036,0.00301517,18.794,0.00155064,18.9892,0.00119678,True,149103,149103,FIELD_0e.001,4689823950425115392,5.082334483617167,-71.90942923235382,19.0526962,19.3620224,18.4249382,,-0.2354684182622586,0.2536796960563917,6.026456886149075,0.3964500387433624,-2.3890873604774434,0.3412959466356211,7958.670903128339,7945.714908020185,--,--,0.0,Star,7959.053045898436,7946.058544365995,14,25.308664309079298,0.5856704410940825,225.7644366388331,143.55990316268014,650.8151221958574
67,4.52501975820794,-71.82077481686045,19.6448,0.00558144,18.9174,0.00448899,,,True,150591,150591,FIELD_0e.001,4689868682507448704,4.524976661304159,-71.82077100015476,19.1647358,19.5326958,18.52501,,-0.011742962485175,0.2444760434547614,5.858357534788797,0.4086133364589703,-3.08315055707065,0.4191621096672433,8567.439495731356,9221.785274929312,--,--,0.0,Star,8567.15844891147,9222.02584245103,14,25.43872510125859,0.6597948385177874,200.27706310806772,143.47110657741277,-495.44997722349893
68,4.453195849927743,-72.19628049717988,19.3064,0.00459413,18.2589,0.00124744,18.5673,0.00209006,True,149697,149697,FIELD_0e.001,4689798416842197888,4.45316982990609,-72.19627366381941,18.6186943,19.1852036,17.9228954,,0.580700918265639,0.1634681436653601,3.644555676937973,0.325726423422374,-1.4974828967927682,0.281088587257645,5839.856481569842,9293.406956023606,--,--,0.0,Star,5839.93607800233,9293.141495825925,10,25.357347814555347,0.61238194644922,215.86494863326695,143.52542042465,-477.75626119741406
69,4.578727183997699,-72.02044581295017,19.6431,0.00333273,18.9188,0.00174533,19.1052,0.00237993,True,159901,159901,FIELD_0e.001,4689804090496490752,4.578682932226769,-72.02044019245044,19.1729946,19.62458,18.5142117,,0.1681409004076211,0.2378753004013342,4.912060202343127,0.4167513533148582,-2.2246634936514966,0.3965617443883831,7123.56284707121,9054.963874665173,--,--,0.0,Star,7124.030047912234,9055.15649399134,12,26.75047693650749,2.2010147991132856,59.831581172321926,142.98081319048228,-656.4493940439352
70,4.429076786693798,-72.04365297974248,19.4717,0.00506171,18.1746,0.0015275,18.5475,0.0014437,True,147353,147353,FIELD_0e.001,4689815699790651008,4.428962916598325,-72.04365304419183,18.6151237,19.2446041,17.8286762,,0.6947941685787256,0.1741973515755683,12.787059462152886,0.3527577254581956,-0.1935860373407914,0.2746680652590285,6944.5195056804605,9384.45886886356,--,--,0.0,Star,6944.975351849645,9384.148248070023,12,25.16850162728016,0.5151287252448283,256.87426928349385,143.6682137033894,-649.473941508038
71,4.698553047320097,-72.50256734078094,19.8213,0.00649599,18.9172,0.0043701,,,True,147550,147550,FIELD_0e.001,4689588517507461120,4.698552271246976,-72.50256767150935,19.2511234,19.7349129,18.5322075,,0.2634417493731807,0.2805581434997087,0.7347684609600833,0.540400318442515,-1.5790519860979502,0.4292123247560766,3635.8710896272264,8684.199869267191,--,--,0.0,Star,3635.8846534483328,8684.053073869956,6,25.18471391085142,0.5228301510952014,253.06710118011455,143.65496323002344,145.11580326026538
72,4.665669927079026,-72.51393826582121,19.8562,0.00663917,18.9391,0.00442716,,,True,156964,156964,FIELD_0e.001,4689588513205177088,4.66567082753309,-72.51394221997323,19.3181915,19.7070847,18.4783478,,0.2786447668530976,0.2811930779485342,2.5200427562420287,0.5679729024421055,-2.099908095664298,0.4732077765313365,3551.3070614494327,8753.445538484337,--,--,0.0,Star,3551.0559531166464,8753.209091495237,6,26.170076256315316,1.2909557507256622,102.11528462593546,143.12860176800865,-883.1590637788835
73,4.590017950624406,-72.5259337390399,19.4929,0.00527324,,,,,True,157588,157588,FIELD_0e.001,4689588375766057856,4.590003333625702,-72.52593851798507,19.0380821,19.3179646,18.3781261,,0.5355959954265188,0.2602384114720741,0.2294128031839087,0.5357083208613433,-0.7734778637599872,0.3959846179827404,3459.369643113949,8915.645582757856,--,--,0.0,Star,3459.1104558393795,8916.0946847462,6,26.26629855494305,1.4102900986305442,93.45484741440347,143.09834452869703,-889.7776436392509
74,4.494995838338767,-72.52323916272086,19.9203,0.00720924,,,,,True,164077,164077,FIELD_0e.001,4689591365063457920,4.494985790341668,-72.52323975359118,19.4816856,19.86859,18.8197632,,-0.4020907985474174,0.3425373295860162,-0.0392171260941271,0.6791771426946633,-0.9192868147573356,0.5658237315579675,3472.41682176592,9123.214556188468,--,--,0.0,Star,3471.958734780564,9123.071881617134,6,30.584082363465967,75.06670320468363,1.7518152768877429,142.77756537606373,-364.8214608803049
75,4.4718465148895366,-72.49940712425989,19.554,0.00551481,,,,,True,156034,156034,FIELD_0e.001,4689591261984090624,4.471822958511153,-72.49940633382779,18.9643135,19.3975487,18.2213211,,-0.019815768730582,0.2449963046063099,1.3630800195156347,0.4673005323220822,-1.0259293383329142,0.3992244675692191,3643.5675708778545,9179.378146423644,--,--,0.0,Star,3643.791519769384,9179.036462629689,6,26.032168911338964,1.1373521874921342,115.94544458492946,143.17690736995334,-729.204987915906
76,4.584149866967374,-72.48031011462662,19.9077,0.00692527,19.1096,0.00496623,,,True,163504,163504,FIELD_0e.001,4689591674301114112,4.584155714628145,-72.4803094891604,19.40614,19.8379154,18.75762,,0.1652895618708071,0.3214990036485969,0.1168980432196567,0.636756940303413,-1.5238166813321563,0.4923285751979191,3789.801499671823,8938.70105001777,--,--,0.0,Star,3789.861561869582,8938.934396536988,6,28.79071268475766,14.393888427476917,9.137684960238788,142.80342798546366,-966.6879067462124
77,4.565968679862167,-72.47996216371017,19.7232,0.00614737,19.0073,0.00462543,,,True,156758,156758,FIELD_0e.001,4689591674301113728,4.565960971172055,-72.47996089646612,19.278265,19.636879,18.6694813,,0.0283969584388686,0.2770689731353641,0.0371268706026731,0.473547939410774,-1.1626552242424977,0.4278634999741327,3791.099138698173,8978.505940705969,--,--,0.0,Star,3791.034302664801,8978.919386213609,6,26.13847024473244,1.2540097749538277,105.13157163514472,143.13913836220482,-651.1878114993065
78,4.5553707182772225,-72.45837047495614,18.4802,0.00280527,17.4818,0.00179844,,,True,126717,126717,FIELD_0e.001,4689592498934686336,4.555368464986777,-72.4583658256358,17.8280869,18.34843,17.11936,,-0.0604802667925687,0.1083770668441829,0.6273439050060439,0.2311572321798267,-0.8987579011578879,0.1751120406852439,3946.945194604872,9006.5924941423,--,--,0.0,Star,3946.9149176868,9007.0532477621,6,23.89247162629427,0.1612396139916581,832.0177743556935,145.65609885547175,-724.6338061295743
79,4.586981946208558,-72.37582734790179,19.7255,0.00601998,18.8647,0.00236632,19.1164,0.00284475,True,154554,154554,FIELD_0e.001,4689604971519884416,4.586981284993641,-72.37582200782582,19.1922455,19.6015911,18.5174656,,-0.3689827395323496,0.2672534494200137,-0.1244347746112762,0.6706611113776215,-0.7055536556244834,0.4411999313186697,4547.549533332962,8956.128685077834,--,--,0.0,Star,4547.822151050978,8955.995706346319,8,25.845550806224495,0.9582480245993732,137.68953467567908,143.25282159215905,-439.1504977479355
80,5.711215922565169,-71.64089128668105,19.8275,0.00447143,19.0693,0.00252877,,,True,153462,153462,FIELD_0e.001,4689853426784392448,5.711212133335427,-71.64088942712037,19.3518486,19.6446457,18.7227516,,-0.2412828086761264,0.3122697848835741,1.0622395434522238,0.5781587620724175,-1.607678301046353,0.4422931800112565,9930.97181404223,6553.19261678448,--,--,0.0,Star,9931.28859180613,6553.076198612724,16,25.722143421073717,0.8556384417866184,154.2637506620137,143.3106594433969,-1.3780374681876184
81,6.096645230087781,-71.59935541717711,20.6389,0.0114894,19.643,0.00765687,,,True,157117,157117,FIELD_0e.001,4689852292913052032,6.0965973746783355,-71.59934872567695,19.9999752,20.4573612,19.2856712,,-0.928007064566307,0.5305721392194005,3.14622332073448,1.421124051164251,-1.0359391032676244,0.8097159139876596,10240.12109471116,5674.215121966201,--,--,0.0,Star,10240.147595318413,5674.125373979638,16,26.19157252892559,1.3167054853015507,100.11340743144996,143.1216083156933,2370.983921080119
82,6.095816146600254,-71.60725813698414,20.3312,0.00907461,19.4239,0.00648585,,,True,162832,162832,FIELD_0e.001,4689852228489387520,6.09577449458202,-71.60725124764737,19.7460117,20.1232872,19.1027164,,0.0884296889203394,0.401853001689734,5.13003488034565,0.844259686130454,-2.3766990138631257,0.5927863993845351,10182.783089912196,5675.753167298335,--,--,0.0,Star,10183.051012220463,5675.893632713437,16,28.02000874139393,7.079410701875182,18.58308263704792,142.83649548373944,-469.68447475839827
83,5.981940565734875,-71.58224859753464,20.3704,0.00905903,17.8609,0.00229573,,,True,157827,157827,FIELD_0e.001,4689855110412692352,5.9818240291061455,-71.58220282641962,18.6299648,19.8651314,17.4637642,,1.2846482877034144,0.2100539921007459,13.671827439505153,0.4658125500553408,-17.00022844215228,0.3645952777511612,10362.761468931974,5938.098256672356,--,--,0.0,Star,10363.198985627792,5937.998839938406,16,26.306574968145668,1.4634669849552515,90.05156555282106,143.08645262564897,-327.0291732551401
84,6.008780749034212,-71.58978734479186,18.151,0.00221257,15.9162,0.00084702,,,True,110823,110823,FIELD_0e.001,4689854942908716800,6.008417110667814,-71.58980840861274,16.6102161,17.6994915,15.5574827,3869.125,2.1760484020430657,0.0841472927945061,43.274921223312504,0.1705633632019421,7.426134025345392,0.1263110864441299,10308.036532310653,5876.716713108917,--,--,0.0,Star,10308.294224744584,5876.97867421618,16,23.08408032157421,0.0782224152542276,1751.8185714454205,148.7800387514558,-602.0304984137027
85,5.938470182084878,-71.92488387645858,21.9177,0.0195801,20.1958,0.00606389,20.7563,0.00615323,True,79753,79753,FIELD_0e.001,4689831234690060288,5.938429707790604,-71.9248798157448,20.7385712,20.5571976,19.3991356,,0.4488076479267341,0.8676096885257939,0.8974267538095217,2.4127083059310452,-0.0702175608096551,1.667790002694387,7876.26172618972,6016.041831073025,--,--,0.0,Star,7875.88812892617,6016.517500368934,12,21.716600757701972,0.0243153121154632,6172.782171807414,162.96154003704888,25439.28455175596
86,6.482106829034245,-71.61191824453796,20.3106,0.00886341,,,,,True,162010,162010,FIELD_0e.001,4689845322181963520,6.482099531614407,-71.61191634435168,19.8675842,20.1990547,19.2575245,,-0.2127464382619273,0.3781865024496949,1.5900658608976148,0.8766628472695125,-0.9887945053550228,0.6218774020630893,10151.137526969866,4791.210533439671,--,--,0.0,Star,10151.240194456856,4791.188850356827,15,27.492232573367893,4.35522314587192,30.215391472857146,142.87720864753808,-473.41912217079215
87,6.54058746521473,-71.59707682588605,20.8894,0.0136526,,,,,True,163046,163046,FIELD_0e.001,4689845700139728640,6.540582741410689,-71.59706001284874,18.8851051,20.4024849,17.6362457,,1.8941625603075365,0.2316733478039473,2.851091945347048,0.4541612313590442,-0.8916953095545884,0.399104726187875,10258.75192562272,4657.1892735391575,--,--,0.0,Star,10259.372588199243,4657.230885272852,15,28.219641981659805,8.507798247156774,15.461957032071618,142.82556954716247,817.5286754967657
88,5.731664988693878,-71.98592179665782,22.7898,0.0344292,22.128,0.0237627,21.2306,0.00891921,True,113157,113157,FIELD_0e.001,4689643317015320960,5.731611193639418,-71.98591210060987,20.9412,20.59087,19.711277,,-2.5198404529291016,2.382157219531411,5.572145857391755,2.469512573890576,-6.107356617372072,2.7856029280513783,7428.931260273967,6476.2761914653975,--,--,0.0,Star,7429.561542716743,6477.915218886508,12,23.196506965386217,0.0864181159068428,1579.4957750677186,148.1997879030432,17588.60253525277
89,5.24528997793537,-71.62743703822689,19.7008,0.00577583,18.9544,0.00310751,,,True,158671,158671,FIELD_0e.001,4689878371955542272,5.245247402100455,-71.62742789318835,19.2190571,19.5847111,18.6080055,,0.4133122163040666,0.2723593168699258,5.059843092155783,0.499170819899592,-2.679836549757128,0.4089700363411605,10011.666659379109,7620.026737548522,--,--,0.0,Star,10012.105416862138,7620.123881029873,16,26.47095070674651,1.7021545857360914,77.40000202068863,143.04223628516144,-640.5612906914355
90,5.170351089756892,-71.61589620411642,19.7324,0.00592373,19.0189,0.00324772,,,True,151473,151473,FIELD_0e.001,4689878612472617856,5.170351171087932,-71.61589336406912,19.2742023,19.5754528,18.6606159,,-0.0487791819437387,0.2882639666858088,0.3897826839983405,0.5575326137784339,-0.3843202991349612,0.4718835941515095,10091.83208652262,7793.088173430677,--,--,0.0,Star,10092.222759451328,7793.068834192562,16,25.52140778570025,0.7117492357718209,185.59152503199965,143.4199180186325,-89.24629381575134
91,5.3555534854837115,-71.64475961654857,20.1972,0.00590414,19.3351,0.00291546,,,True,147366,147366,FIELD_0e.001,4689877478609998976,5.3555100415177925,-71.64475315990653,19.6424,20.0368557,18.9782486,,0.106161162508941,0.396738067696293,4.473128735457031,0.7399378610458924,-1.8003795068943829,0.588997824781657,9890.75807383472,7365.570930142728,--,--,0.0,Star,9891.139181088738,7366.06527013234,16,25.16958611731846,0.515640316433251,256.6178179444833,143.66732118816634,560.4971152510079
92,5.26379315673859,-71.58074169217583,19.6922,0.00577555,18.3993,0.00218893,,,True,147066,147066,FIELD_0e.001,4689878715552970368,5.263738323156851,-71.5807224085678,18.8480034,19.4734764,18.0253544,,0.1301995132498994,0.2137198904272931,7.077032669578475,0.3933010875959966,-7.225082664961565,0.3211593597146144,10351.252453018094,7584.479413297923,--,--,0.0,Star,10351.218327509916,7584.110758638636,16,25.145630924543017,0.5044579945604761,262.34264017589976,143.68724369134225,-218.70372187163284
93,5.591445487190983,-71.6020624214269,19.4911,0.00488114,18.9157,0.00299684,,,True,146176,146176,FIELD_0e.001,4689901049382880000,5.591441120315484,-71.60206035206554,19.14781,19.42947,18.60958,,0.305992406263865,0.2745822996584119,-0.3652104181247633,0.5485635760002439,-1.3413562730633792,0.4137593558269237,10209.053881726675,6830.981765946153,--,--,0.0,Star,10209.230437888533,6831.026084180004,16,25.079727526372945,0.474937269905306,278.75986413096734,143.7443606670197,301.83594081456505
94,5.340599141203293,-71.60296989645751,19.6318,0.0055139,18.949,0.00311077,,,True,147579,147579,FIELD_0e.001,4689878509394517376,5.340590840223831,-71.60296693102903,19.198452,19.5395412,18.6401024,,0.2386416912664197,0.2974474269611815,0.3082820419887418,0.5433253319286004,-1.9017435925645605,0.4304956064484757,10193.22392881794,7405.297610718166,--,--,0.0,Star,10193.132002060756,7405.18689648974,16,25.18628878884642,0.5235844216637751,252.7002893381739,143.65368651300753,-387.8158346780431
95,5.25604515818041,-71.60257651850256,19.9308,0.00677777,19.1591,0.00358375,,,True,162144,162144,FIELD_0e.001,4689878646832363904,5.256035115287398,-71.60257522498809,19.4413548,19.7680988,18.8619633,,0.3893476148889444,0.3337078938990158,-0.0741184062031252,0.5872075309935726,-1.6726784971382014,0.4759845609219089,10192.408104799202,7598.965765486095,--,--,0.0,Star,10192.40484242554,7599.010686122853,16,27.560939282453912,4.639523570298813,28.362567452167475,142.8707245270753,-732.1598472278544
96,5.558275374529872,-71.71928811854762,19.7233,0.00351141,18.9976,0.00227008,19.1853,0.00188356,True,159622,159622,FIELD_0e.001,4689849681573898240,5.5582351622393995,-71.71928179030017,19.24417,19.6181126,18.6214676,,-0.2955261651425772,0.2851588493215175,6.171195569292975,0.5904914362803706,-2.7264261623032033,0.4270956727583377,9357.703497717268,6894.279514725039,--,--,0.0,Star,9358.15296562335,6894.137988109089,16,26.682145248896617,2.0669575913168883,63.71814958980431,142.9944037682212,-600.2513038230636
97,5.331751813937321,-71.7626392362265,20.9782,0.00698134,20.2433,0.00475855,20.4665,0.0109595,True,155840,155840,FIELD_0e.001,4689826042073003008,5.331750513951763,-71.76263580142599,20.5408421,20.65386,19.8521175,,-0.648823099251905,0.7860541741690021,4.995297404330932,1.5823689400980323,-4.959588994211712,1.4977775428636777,9034.779762474838,7403.81862490212,--,--,0.0,Star,9034.895320689557,7404.457185834545,14,26.00253495218364,1.1068158362847251,119.15362896749711,143.1881104994642,5686.656554029002
98,5.800731717543467,-71.80595610890268,19.0071,0.00167728,18.4125,0.00110989,18.5748,0.000916996,True,161293,161293,FIELD_0e.001,4689836693592668032,5.800690460630777,-71.80595020414746,18.617424,18.8847866,18.0758476,,0.2727397862755304,0.1757822850284541,5.244008167077133,0.3291319396731335,-3.4466668073572464,0.2892552946910059,8735.984743376204,6335.576759823013,--,--,0.0,Star,8736.146729208263,6336.033832735329,14,27.193562132915694,3.3085978507026748,39.78289665064217,142.91068629073862,-1384.4298095995664
99,5.843832367758356,-71.73049698316525,19.8775,0.00476536,19.11,0.00189279,19.3206,0.00194757,True,156975,156975,FIELD_0e.001,4689848895592235392,5.8437877819330994,-71.73049104202843,19.4171085,19.4668236,18.7827034,,1.1805764995609114,0.3371014474279269,4.249526987424402,0.6544938027384574,-2.1622791023051433,0.5124365346079881,9284.335067592829,6243.5423940896835,--,--,0.0,Star,9284.32120308227,6244.05587774595,16,26.171161357214896,1.292243378793148,102.01328007373482,143.12824542875177,25.84763768789254
